,name,email
0,Balu,hereisbalaji4u@gmail.com
1,K,venki241@gmail.com
2,Mohammad,mtmohdtahir@gmail.com
3,Ajit,jitmnk007@gmail.com
4,Raghava,raghavendratirunagari9@gmail.com
5,Ranjit,ranjitpatil789@gmail.com
6,parag,paragsoft@gmail.com
7,anuj,anuj.itindia@gmail.com
8,Chiranjeevi,eswar.nalla70@gmail.com
9,Khasim,Khasim519@gmail.com
10,Praveenkumar,Sathyapraveen.sk@gmail.com
11,Naushad,naushad520@gmail.com
12,Mastan,mastanetl4@gmail.com
13,Balu,srinivaschintala125@gmail.com
14,PRIYESH,n.priyesh1989@gmail.com
15,Manjunath,manjunath.ptr@gmail.com
16,Chandrika,sreechandu207@gmail.com
17,Praveenkumar,Sathyapraveen.sk@gmail.com
18,Dell,raghucity@gmail.com
19,SUNIL,sunilkumarseeram@gmail.com
20,Gaurav,gauravpuri145@gmail.com
21,Divesh,divesh.jain@gmail.com
22,Raghava,raghavendratirunagari9@gmail.com
